date,portfolio_value,cash_balance,total_pnl,total_pnl_percent,signals_count,predictions,positions_count
2023-01-01T00:00:00,726088708.64201,7001245.392010001,716088708.64201,7160.8870864201,14,{},3
2023-01-02T00:00:00,741938902.6520098,7001245.392010001,731938902.65201,7319.389026520099,18,{},3
2023-01-03T00:00:00,724954403.22201,7001245.392010001,714954403.22201,7149.5440322201,20,{},3
2023-01-04T00:00:00,737804228.15201,7001245.392010001,727804228.15201,7278.042281520099,20,{},3
2023-01-05T00:00:00,718153660.5220101,7001245.392010001,708153660.5220101,7081.536605220102,20,{},3
2023-01-06T00:00:00,653201208.76206,7101195.292060001,643201208.76206,6432.0120876206,20,{},3
2023-01-07T00:00:00,638700492.40206,7101195.292060001,628700492.40206,6287.0049240206,18,{},3
2023-01-08T00:00:00,682895801.0745599,7198921.404560001,672895801.07456,6728.9580107456,18,{},3
2023-01-09T00:00:00,658535037.51456,7198921.404560001,648535037.51456,6485.3503751456,16,{},3
2023-01-10T00:00:00,670476072.14456,7198921.404560001,660476072.1445601,6604.760721445601,18,{},3
2023-01-11T00:00:00,650865282.6145599,7198921.404560001,640865282.61456,6408.6528261456,18,{},3
2023-01-12T00:00:00,657677122.40456,7298171.75456,647677122.40456,6476.771224045599,18,{},3
2023-01-13T00:00:00,651214340.5545601,7298171.75456,641214340.5545601,6412.143405545601,18,{},3
2023-01-14T00:00:00,655782307.43456,7298171.75456,645782307.4345601,6457.823074345601,18,{},3
2023-01-15T00:00:00,667079167.35456,7298171.75456,657079167.35456,6570.791673545599,18,{},3
2023-01-16T00:00:00,647910837.95456,7298171.75456,637910837.95456,6379.108379545601,18,{},3
2023-01-17T00:00:00,671482234.7330601,7477405.093060001,661482234.7330601,6614.822347330602,20,{},3
2023-01-18T00:00:00,635317411.1665599,7635978.76656,625317411.16656,6253.174111665601,20,{},3
2023-01-19T00:00:00,645721496.98306,7778794.32306,635721496.98306,6357.2149698306,20,{},3
2023-01-20T00:00:00,651215684.00606,7906844.26606,641215684.00606,6412.156840060599,20,{},3
2023-01-21T00:00:00,658856762.26006,8024037.640060001,648856762.26006,6488.5676226006,20,{},3
2023-01-22T00:00:00,654480915.3240601,8127457.904060001,644480915.3240601,6444.8091532406015,20,{},3
2023-01-23T00:00:00,646818489.26606,8222006.60606,636818489.26606,6368.1848926606,20,{},3
2023-01-24T00:00:00,642816775.7865599,8264684.256560001,632816775.78656,6328.167757865601,20,{},3
2023-01-25T00:00:00,660530663.77656,8264684.256560001,650530663.7765601,6505.3066377656005,20,{},3
2023-01-26T00:00:00,642099486.42656,8264684.256560001,632099486.4265602,6320.994864265602,20,{},3
2023-01-27T00:00:00,668021017.13656,8264684.256560001,658021017.1365601,6580.210171365601,20,{},3
2023-01-28T00:00:00,646834552.37656,8264684.256560001,636834552.3765601,6368.345523765602,20,{},3
2023-01-29T00:00:00,650868602.6065599,8264684.256560001,640868602.60656,6408.686026065599,20,{},3
2023-01-30T00:00:00,669305495.87656,8264684.256560001,659305495.8765601,6593.0549587656005,20,{},3
2023-01-31T00:00:00,653654236.7030599,8303391.893060001,643654236.70306,6436.5423670306,20,{},3
2023-02-01T00:00:00,667475513.1830599,8303391.893060001,657475513.1830599,6574.7551318306,20,{},3
2023-02-02T00:00:00,652061835.02306,8303391.893060001,642061835.02306,6420.618350230599,20,{},3
2023-02-03T00:00:00,649654298.0630599,8303391.893060001,639654298.06306,6396.5429806306,20,{},3
2023-02-04T00:00:00,640199352.6025599,8346391.382560001,630199352.60256,6301.993526025601,20,{},3
2023-02-05T00:00:00,639807487.77756,8385481.827560001,629807487.7775601,6298.074877775602,20,{},3
2023-02-06T00:00:00,651666445.79806,8420663.228060002,641666445.79806,6416.664457980601,20,{},3
2023-02-07T00:00:00,657666237.41406,8451935.584060002,647666237.4140601,6476.662374140601,20,{},3
2023-02-08T00:00:00,644213683.15556,8479298.895560002,634213683.15556,6342.1368315556,20,{},3
2023-02-09T00:00:00,669478634.67256,8502753.162560003,659478634.6725601,6594.786346725601,20,{},3
2023-02-10T00:00:00,660978353.6395599,8526207.429560004,650978353.63956,6509.783536395599,20,{},3
2023-02-11T00:00:00,666334131.42956,8526207.429560004,656334131.42956,6563.341314295601,20,{},3
2023-02-12T00:00:00,648711728.4595599,8526207.429560004,638711728.45956,6387.117284595601,20,{},3
2023-02-13T00:00:00,656421638.12956,8526207.429560004,646421638.1295601,6464.216381295601,20,{},3
2023-02-14T00:00:00,641590450.23956,8526207.429560004,631590450.23956,6315.9045023956005,20,{},3
2023-02-15T00:00:00,647046892.8495599,8526207.429560004,637046892.84956,6370.4689284956,20,{},3
2023-02-16T00:00:00,654899141.9495599,8526207.429560004,644899141.94956,6448.9914194956,20,{},3
2023-02-17T00:00:00,628416747.8495599,8526207.429560004,618416747.84956,6184.1674784956,20,{},3
2023-02-18T00:00:00,666456499.1995599,8526207.429560004,656456499.19956,6564.5649919956,20,{},3
2023-02-19T00:00:00,646910486.66956,8526207.429560004,636910486.6695601,6369.1048666956,20,{},3
2023-02-20T00:00:00,658007383.0695599,8526207.429560004,648007383.06956,6480.073830695601,20,{},3
2023-02-21T00:00:00,649279793.25956,8526207.429560004,639279793.25956,6392.7979325956,20,{},3
2023-02-22T00:00:00,659911205.8595599,8526207.429560004,649911205.85956,6499.1120585956,20,{},3
2023-02-23T00:00:00,656516398.7295599,8526207.429560004,646516398.72956,6465.163987295599,20,{},3
2023-02-24T00:00:00,668828869.2495599,8526207.429560004,658828869.24956,6588.2886924956,20,{},3
2023-02-25T00:00:00,644208115.0920601,8545752.652060004,634208115.0920601,6342.081150920601,20,{},3
2023-02-26T00:00:00,649543404.79456,8565297.874560004,639543404.7945601,6395.4340479456005,20,{},3
2023-02-27T00:00:00,586005317.65257,8670889.032570003,576005317.65257,5760.0531765257,20,{},3
2023-02-28T00:00:00,543857404.4006,8767484.650600001,533857404.40059996,5338.574044006,20,{},3
2023-03-01T00:00:00,527595158.3406,8767484.650600001,517595158.3406,5175.951583406,20,{},3
2023-03-02T00:00:00,523132364.1006,8767484.650600001,513132364.10059994,5131.323641005999,20,{},3
2023-03-03T00:00:00,534724545.2406,8767484.650600001,524724545.2406,5247.2454524059995,20,{},3
2023-03-04T00:00:00,532116259.6006,8767484.650600001,522116259.60059994,5221.162596006,20,{},3
2023-03-05T00:00:00,528422421.05060005,8767484.650600001,518422421.0506,5184.224210506,20,{},3
2023-03-06T00:00:00,519667081.9506,8767484.650600001,509667081.95059997,5096.670819505999,20,{},3
2023-03-07T00:00:00,519666563.6406,8767484.650600001,509666563.6406,5096.665636406,20,{},3
2023-03-08T00:00:00,511916403.1506,8767484.650600001,501916403.1506,5019.164031505999,20,{},3
2023-03-09T00:00:00,534392946.57060003,8767484.650600001,524392946.5706,5243.929465706,20,{},3
2023-03-10T00:00:00,522026188.06060004,8767484.650600001,512026188.0606,5120.261880605999,20,{},3
2023-03-11T00:00:00,537590168.0605999,8767484.650600001,527590168.0605999,5275.901680605999,20,{},3
2023-03-12T00:00:00,542791130.3806,8767484.650600001,532791130.3806,5327.9113038059995,20,{},3
2023-03-13T00:00:00,542744080.1006,8767484.650600001,532744080.1006,5327.440801006,20,{},3
2023-03-14T00:00:00,536046931.4106,8767484.650600001,526046931.41059995,5260.469314106,20,{},3
2023-03-15T00:00:00,473097720.07062,8840348.160620002,463097720.07062,4630.9772007062,20,{},3
2023-03-16T00:00:00,483880133.74061996,8840348.160620002,473880133.74062,4738.8013374062,20,{},3
2023-03-17T00:00:00,476185083.64062,8840348.160620002,466185083.64062,4661.8508364062,20,{},3
2023-03-18T00:00:00,478380648.89061993,8840348.160620002,468380648.89062,4683.8064889062,20,{},3
2023-03-19T00:00:00,473884878.0231199,8875085.783120003,463884878.02312,4638.8487802312,20,{},3
2023-03-20T00:00:00,469310976.45512,8906845.895120002,459310976.45512,4593.1097645512,20,{},3
2023-03-21T00:00:00,479703399.59312,8934635.993120002,469703399.59312,4697.0339959312,20,{},3
2023-03-22T00:00:00,491817956.00412,8960441.084120002,481817956.00412,4818.179560041201,20,{},3
2023-03-23T00:00:00,495478547.38461995,8983268.66462,485478547.38462,4854.7854738462,20,{},3
2023-03-24T00:00:00,483745131.03812003,9004111.23812,473745131.03812,4737.4513103812,20,{},3
2023-03-25T00:00:00,481445137.53462005,9022968.804620001,471445137.53462,4714.4513753462,20,{},3
2023-03-26T00:00:00,492953122.32412004,9039841.364120001,482953122.32412004,4829.5312232412,20,{},3
2023-03-27T00:00:00,493318339.01662,9054728.916620001,483318339.01662,4833.1833901662,20,{},3
2023-03-28T00:00:00,487785050.56212,9067631.46212,477785050.56212,4777.850505621201,20,{},3
2023-03-29T00:00:00,487690100.14412004,9079541.50412,477690100.14412004,4776.901001441201,20,{},3
2023-03-30T00:00:00,485245942.33261997,9090459.04262,475245942.33261997,4752.4594233262,20,{},3
2023-03-31T00:00:00,473244861.4376199,9100384.07762,463244861.43762,4632.448614376201,20,{},3
2023-04-01T00:00:00,480779083.46911997,9109316.60912,470779083.46911997,4707.7908346912,20,{},3
2023-04-02T00:00:00,466762395.63712,9117256.637120001,456762395.63712,4567.623956371201,20,{},3
2023-04-03T00:00:00,475478902.06162,9124204.16162,465478902.06162,4654.7890206162,20,{},3
2023-04-04T00:00:00,476364117.90261996,9130159.18262,466364117.90261996,4663.641179026199,20,{},3
2023-04-05T00:00:00,498903665.98362,9136114.20362,488903665.98362,4889.0366598362,20,{},3
2023-04-06T00:00:00,490556695.90362,9136114.20362,480556695.90362,4805.5669590362,20,{},3
2023-04-07T00:00:00,504956067.18362004,9136114.20362,494956067.18362004,4949.5606718362005,20,{},3
2023-04-08T00:00:00,484232405.98362005,9136114.20362,474232405.98362005,4742.324059836201,20,{},3
2023-04-09T00:00:00,483626492.04362005,9136114.20362,473626492.04362005,4736.264920436201,20,{},3
2023-04-10T00:00:00,490935029.73362,9136114.20362,480935029.73362,4809.3502973362,20,{},3
2023-04-11T00:00:00,493190462.37362003,9136114.20362,483190462.37362003,4831.9046237362,20,{},3
2023-04-12T00:00:00,491693481.68362004,9136114.20362,481693481.68362004,4816.9348168362,20,{},3
2023-04-13T00:00:00,485030818.0136201,9136114.20362,475030818.01362,4750.3081801362005,20,{},3
2023-04-14T00:00:00,489523735.96112,9141076.72112,479523735.96112,4795.2373596112,20,{},3
2023-04-15T00:00:00,501659778.97861993,9146039.23862,491659778.97862,4916.5977897862,20,{},3
2023-04-16T00:00:00,474240673.20262,9150009.25262,464240673.20262,4642.4067320262,20,{},3
2023-04-17T00:00:00,466656801.46661997,9153979.26662,456656801.46662,4566.568014666201,20,{},3
2023-04-18T00:00:00,457558679.93662,9153979.26662,447558679.93662006,4475.5867993662005,20,{},3
2023-04-19T00:00:00,483989334.68662,9153979.26662,473989334.68662,4739.8933468662,20,{},3
2023-04-20T00:00:00,484837759.42661995,9153979.26662,474837759.42662,4748.3775942662,20,{},3
2023-04-21T00:00:00,487922312.77662,9153979.26662,477922312.77662003,4779.2231277662,20,{},3
2023-04-22T00:00:00,477854227.03661996,9153979.26662,467854227.03662,4678.5422703662,20,{},3
2023-04-23T00:00:00,483514112.64662,9153979.26662,473514112.64662004,4735.1411264662,20,{},3
2023-04-24T00:00:00,488917818.88662,9153979.26662,478917818.88662004,4789.1781888662,20,{},3
2023-04-25T00:00:00,472747335.90661997,9153979.26662,462747335.90662,4627.4733590662,20,{},3
2023-04-26T00:00:00,494947997.97012,9165706.400120001,484947997.97012,4849.4799797012,20,{},3
2023-04-27T00:00:00,482104762.56362003,9177433.533620002,472104762.56362003,4721.0476256362,20,{},3
2023-04-28T00:00:00,478872445.17362005,9177433.533620002,468872445.17362005,4688.7244517362005,20,{},3
2023-04-29T00:00:00,483507783.44362,9177433.533620002,473507783.44362,4735.077834436201,20,{},3
2023-04-30T00:00:00,497568893.49362004,9177433.533620002,487568893.49362004,4875.688934936201,20,{},3
2023-05-01T00:00:00,474189544.48362005,9177433.533620002,464189544.48362005,4641.895444836201,20,{},3
2023-05-02T00:00:00,482812319.23362,9177433.533620002,472812319.23362005,4728.123192336201,20,{},3
2023-05-03T00:00:00,481502620.29362005,9177433.533620002,471502620.29362005,4715.0262029362,20,{},3
2023-05-04T00:00:00,487865026.84362,9177433.533620002,477865026.84362,4778.650268436199,20,{},3
2023-05-05T00:00:00,495044078.90362,9177433.533620002,485044078.90362,4850.4407890362,20,{},3
2023-05-06T00:00:00,477970660.24412006,9180411.044120003,467970660.24412006,4679.706602441201,20,{},3
2023-05-07T00:00:00,487537928.68461996,9183388.554620003,477537928.68461996,4775.3792868462,20,{},3
2023-05-08T00:00:00,474787211.46511996,9186366.065120004,464787211.46512,4647.8721146512,20,{},3
2023-05-09T00:00:00,498314133.5651199,9186366.065120004,488314133.56512,4883.1413356512,20,{},3
2023-05-10T00:00:00,457166689.70512,9186366.065120004,447166689.70512,4471.6668970512,20,{},3
2023-05-11T00:00:00,492744584.84511995,9186366.065120004,482744584.84512,4827.445848451201,20,{},3
2023-05-12T00:00:00,478390942.41862,9198093.198620005,468390942.41862,4683.9094241862,20,{},3
2023-05-13T00:00:00,490480294.65762,9205911.287620004,480480294.65762,4804.8029465762,20,{},3
2023-05-14T00:00:00,473461597.26761997,9205911.287620004,463461597.26761997,4634.6159726762,20,{},3
2023-05-15T00:00:00,502801463.45761997,9205911.287620004,492801463.45761997,4928.0146345762,20,{},3
2023-05-16T00:00:00,497924776.14762,9205911.287620004,487924776.14762,4879.2477614762,20,{},3
2023-05-17T00:00:00,459734145.73762,9205911.287620004,449734145.73762,4497.3414573762,20,{},3
2023-05-18T00:00:00,483867750.66762,9205911.287620004,473867750.66762,4738.6775066762,20,{},3
2023-05-19T00:00:00,486965167.41762,9205911.287620004,476965167.41762,4769.651674176201,20,{},3
2023-05-20T00:00:00,485184179.75812,9208888.798120005,475184179.75812,4751.8417975812,20,{},3
2023-05-21T00:00:00,481107152.78812003,9208888.798120005,471107152.78812003,4711.0715278812,20,{},3
2023-05-22T00:00:00,484991100.34812003,9208888.798120005,474991100.34812003,4749.9110034812,20,{},3
2023-05-23T00:00:00,494600598.98812,9208888.798120005,484600598.98811996,4846.0059898812,20,{},3
2023-05-24T00:00:00,494126461.4881201,9208888.798120005,484126461.48812,4841.2646148812,20,{},3
2023-05-25T00:00:00,489255161.42812,9208888.798120005,479255161.42812,4792.5516142812,20,{},3
2023-05-26T00:00:00,496758790.29812,9208888.798120005,486758790.29812,4867.5879029812,20,{},3
2023-05-27T00:00:00,487103908.57812005,9208888.798120005,477103908.57812005,4771.039085781201,20,{},3
2023-05-28T00:00:00,481150218.72812,9208888.798120005,471150218.72812,4711.5021872812,20,{},3
2023-05-29T00:00:00,467090503.97512,9210873.805120004,457090503.97512,4570.9050397512,20,{},3
2023-05-30T00:00:00,490525198.60212004,9212858.812120004,480525198.60212004,4805.2519860212005,20,{},3
2023-05-31T00:00:00,493467862.46212006,9212858.812120004,483467862.46212006,4834.6786246212005,20,{},3
2023-06-01T00:00:00,488644699.60212004,9212858.812120004,478644699.60212004,4786.446996021201,20,{},3
2023-06-02T00:00:00,485321293.15212,9212858.812120004,475321293.15212,4753.2129315212,20,{},3
2023-06-03T00:00:00,493940471.91212,9212858.812120004,483940471.91212,4839.404719121199,20,{},3
2023-06-04T00:00:00,490845781.16212004,9212858.812120004,480845781.16212004,4808.457811621201,20,{},3
2023-06-05T00:00:00,497505613.35212004,9212858.812120004,487505613.35212,4875.0561335212,20,{},3
2023-06-06T00:00:00,468216166.12212,9212858.812120004,458216166.12212,4582.1616612212,20,{},3
2023-06-07T00:00:00,473789283.55912,9214843.819120003,463789283.55912,4637.8928355912,20,{},3
2023-06-08T00:00:00,489817902.92612004,9216828.826120002,479817902.92612004,4798.1790292612,20,{},3
2023-06-09T00:00:00,480444255.56612,9216828.826120002,470444255.56612,4704.4425556612005,20,{},3
2023-06-10T00:00:00,488412315.50611997,9216828.826120002,478412315.50611997,4784.123155061199,20,{},3
2023-06-11T00:00:00,474349260.68612,9216828.826120002,464349260.68612,4643.4926068612,20,{},3
2023-06-12T00:00:00,487663535.53612,9216828.826120002,477663535.53612,4776.6353553612,20,{},3
2023-06-13T00:00:00,487846573.93612003,9216828.826120002,477846573.93612,4778.4657393612,20,{},3
2023-06-14T00:00:00,473136686.83612,9216828.826120002,463136686.83612,4631.3668683612,20,{},3
2023-06-15T00:00:00,482831589.19611996,9216828.826120002,472831589.19611996,4728.3158919612,20,{},3
2023-06-16T00:00:00,475758368.25612,9216828.826120002,465758368.25612,4657.5836825612005,20,{},3
2023-06-17T00:00:00,504820994.47612,9216828.826120002,494820994.47611994,4948.209944761199,20,{},3
2023-06-18T00:00:00,483862675.97512,9224646.915120002,473862675.97512,4738.626759751201,20,{},3
2023-06-19T00:00:00,486151589.89412004,9232465.004120002,476151589.89412004,4761.5158989412,20,{},3
2023-06-20T00:00:00,482162054.75311995,9240283.093120001,472162054.75312,4721.6205475312,20,{},3
2023-06-21T00:00:00,488911723.02212,9248101.182120001,478911723.02212,4789.1172302212,20,{},3
2023-06-22T00:00:00,497057387.95662004,9252010.226620002,487057387.95662004,4870.5738795662,20,{},3
2023-06-23T00:00:00,486934988.24662,9252010.226620002,476934988.24662,4769.3498824662,20,{},3
2023-06-24T00:00:00,494390540.92662,9252010.226620002,484390540.92662,4843.9054092662,20,{},3
2023-06-25T00:00:00,490546072.91662,9252010.226620002,480546072.91662,4805.4607291662005,20,{},3
2023-06-26T00:00:00,483186555.95662004,9252010.226620002,473186555.95662004,4731.8655595662,20,{},3
2023-06-27T00:00:00,489702004.85662,9252010.226620002,479702004.85662,4797.0200485662,20,{},3
2023-06-28T00:00:00,469976059.42662,9252010.226620002,459976059.42662,4599.760594266199,20,{},3
2023-06-29T00:00:00,507606923.92662,9252010.226620002,497606923.92662,4976.0692392662,20,{},3
2023-06-30T00:00:00,504091780.03662,9252010.226620002,494091780.03662,4940.9178003662,20,{},3
2023-07-01T00:00:00,445111840.17161,9317587.441610001,435111840.17161006,4351.1184017161,20,{},3
2023-07-02T00:00:00,450171998.89160997,9317587.441610001,440171998.89161,4401.7199889161,20,{},3
2023-07-03T00:00:00,445367649.51161,9317587.441610001,435367649.51161003,4353.6764951161,20,{},3
2023-07-04T00:00:00,413517689.30160993,9317587.441610001,403517689.30161,4035.1768930161,20,{},3
2023-07-05T00:00:00,441275021.20160997,9317587.441610001,431275021.20161,4312.750212016101,20,{},3
2023-07-06T00:00:00,423517769.27161,9317587.441610001,413517769.27161,4135.177692716101,20,{},3
2023-07-07T00:00:00,445831241.75161,9317587.441610001,435831241.75161,4358.312417516099,20,{},3
2023-07-08T00:00:00,444479174.00161,9317587.441610001,434479174.00161004,4344.7917400161,20,{},3
2023-07-09T00:00:00,438785080.35161,9317587.441610001,428785080.35161006,4287.8508035161,20,{},3
2023-07-10T00:00:00,436802348.73160994,9317587.441610001,426802348.73161,4268.0234873161,20,{},3
2023-07-11T00:00:00,438489319.86160994,9317587.441610001,428489319.86161,4284.8931986161,20,{},3
2023-07-12T00:00:00,447388328.08160996,9317587.441610001,437388328.08161,4373.8832808161,20,{},3
2023-07-13T00:00:00,444479276.03161,9317587.441610001,434479276.03161,4344.7927603161,20,{},3
2023-07-14T00:00:00,432377449.91161,9317587.441610001,422377449.91161007,4223.774499116101,20,{},3
2023-07-15T00:00:00,442580834.40160996,9317587.441610001,432580834.40161,4325.8083440161,20,{},3
2023-07-16T00:00:00,438702040.85161,9317587.441610001,428702040.85161006,4287.0204085161,20,{},3
2023-07-17T00:00:00,437143039.72161,9317587.441610001,427143039.72161007,4271.430397216101,20,{},3
2023-07-18T00:00:00,424989741.05161,9317587.441610001,414989741.05161005,4149.8974105161005,20,{},3
2023-07-19T00:00:00,446842948.24161,9317587.441610001,436842948.24161005,4368.429482416101,20,{},3
2023-07-20T00:00:00,437774285.73160994,9317587.441610001,427774285.73161,4277.7428573161005,20,{},3
2023-07-21T00:00:00,435874725.53160995,9317587.441610001,425874725.53161,4258.7472553161,20,{},3
2023-07-22T00:00:00,434904494.58160996,9317587.441610001,424904494.58161,4249.0449458161,20,{},3
2023-07-23T00:00:00,444014962.62161,9317587.441610001,434014962.62161005,4340.1496262161,20,{},3
2023-07-24T00:00:00,446923290.14160997,9317587.441610001,436923290.14161,4369.2329014161005,20,{},3
2023-07-25T00:00:00,445827233.41160995,9317587.441610001,435827233.41161,4358.2723341161,20,{},3
2023-07-26T00:00:00,438741709.18161,9317587.441610001,428741709.18161005,4287.417091816101,20,{},3
2023-07-27T00:00:00,436379883.87161,9317587.441610001,426379883.87161,4263.7988387161,20,{},3
2023-07-28T00:00:00,439375066.05161,9317587.441610001,429375066.05161005,4293.750660516101,20,{},3
2023-07-29T00:00:00,439795304.84161,9317587.441610001,429795304.84161,4297.9530484161005,20,{},3
2023-07-30T00:00:00,448066103.34160995,9317587.441610001,438066103.34161,4380.6610334161,20,{},3
2023-07-31T00:00:00,436171076.96161,9317587.441610001,426171076.9616101,4261.710769616101,20,{},3
2023-08-01T00:00:00,433131932.57161003,9317587.441610001,423131932.5716101,4231.319325716101,20,{},3
2023-08-02T00:00:00,396713315.86714995,9376606.837150002,386713315.86715,3867.1331586715,20,{},3
2023-08-03T00:00:00,369213900.17515004,9429724.265150001,359213900.17515004,3592.1390017515,20,{},3
2023-08-04T00:00:00,312661343.94035,9477529.950350001,302661343.94034994,3026.6134394034993,20,{},3
2023-08-05T00:00:00,287191857.94703007,9520555.067030001,277191857.94703,2771.9185794703003,20,{},3
2023-08-06T00:00:00,299613930.62703,9520555.067030001,289613930.62703,2896.1393062703005,20,{},3
2023-08-07T00:00:00,292534101.42702997,9520555.067030001,282534101.42702997,2825.3410142702996,20,{},3
2023-08-08T00:00:00,297484607.74703,9520555.067030001,287484607.74703,2874.8460774703003,20,{},3
2023-08-09T00:00:00,291539010.91703004,9520555.067030001,281539010.91703004,2815.3901091703,20,{},3
2023-08-10T00:00:00,289931548.10703003,9520555.067030001,279931548.10703003,2799.3154810703004,20,{},3
2023-08-11T00:00:00,287826743.70703,9520555.067030001,277826743.70703,2778.2674370703,20,{},3
2023-08-12T00:00:00,287083780.63703,9520555.067030001,277083780.63703,2770.8378063703003,20,{},3
2023-08-13T00:00:00,294965030.69703,9520555.067030001,284965030.69703,2849.6503069703,20,{},3
2023-08-14T00:00:00,299118065.73703,9520555.067030001,289118065.73703,2891.1806573703,20,{},3
2023-08-15T00:00:00,298209164.00703,9520555.067030001,288209164.00703,2882.0916400703004,20,{},3
2023-08-16T00:00:00,293610252.27703005,9520555.067030001,283610252.27703005,2836.1025227703008,20,{},3
2023-08-17T00:00:00,285005070.24703,9520555.067030001,275005070.24703,2750.0507024703,20,{},3
2023-08-18T00:00:00,289604408.99703,9520555.067030001,279604408.99703,2796.0440899703003,20,{},3
2023-08-19T00:00:00,285417618.40703,9520555.067030001,275417618.40703,2754.1761840702998,20,{},3
2023-08-20T00:00:00,294827609.23702997,9520555.067030001,284827609.23702997,2848.2760923703,20,{},3
2023-08-21T00:00:00,294857841.28703,9520555.067030001,284857841.28703,2848.5784128703,20,{},3
2023-08-22T00:00:00,284785067.61053,9521547.570530001,274785067.61053,2747.8506761053,20,{},3
2023-08-23T00:00:00,302826963.15403,9522540.07403,292826963.15403,2928.2696315403,20,{},3
2023-08-24T00:00:00,292056432.66753,9523532.57753,282056432.66753,2820.5643266753,20,{},3
2023-08-25T00:00:00,286526263.96103,9524525.08103,276526263.96103,2765.2626396103,20,{},3
2023-08-26T00:00:00,288322080.42453,9525517.58453,278322080.42453,2783.2208042453003,20,{},3
2023-08-27T00:00:00,291061616.47803,9526510.08803,281061616.47803,2810.6161647803,20,{},3
2023-08-28T00:00:00,282953498.03153,9527502.591529999,272953498.03153,2729.5349803153003,20,{},3
2023-08-29T00:00:00,296792220.59153,9527502.591529999,286792220.59153,2867.9222059153003,20,{},3
2023-08-30T00:00:00,292091826.05153,9527502.591529999,282091826.05153,2820.9182605153,20,{},3
2023-08-31T00:00:00,295409159.81153005,9527502.591529999,285409159.81153,2854.0915981153,20,{},3
2023-09-01T00:00:00,292502611.04153,9527502.591529999,282502611.04152995,2825.026110415299,20,{},3
2023-09-02T00:00:00,290784304.04153,9527502.591529999,280784304.04153,2807.8430404153,20,{},3
2023-09-03T00:00:00,289956694.46153,9527502.591529999,279956694.46153,2799.5669446153,20,{},3
2023-09-04T00:00:00,295324302.80153,9527502.591529999,285324302.80153,2853.2430280153003,20,{},3
2023-09-05T00:00:00,287740486.46153,9527502.591529999,277740486.46152997,2777.4048646152996,20,{},3
2023-09-06T00:00:00,298730137.55153,9527502.591529999,288730137.55152994,2887.3013755152992,20,{},3
2023-09-07T00:00:00,287713874.33153003,9527502.591529999,277713874.33153,2777.1387433153,20,{},3
2023-09-08T00:00:00,292860889.07153004,9527502.591529999,282860889.07153,2828.6088907153,20,{},3
2023-09-09T00:00:00,297315529.40153,9527502.591529999,287315529.40153,2873.1552940153,20,{},3
2023-09-10T00:00:00,296651508.32153,9527502.591529999,286651508.32153,2866.5150832153,20,{},3
2023-09-11T00:00:00,292283221.16153,9527502.591529999,282283221.16152996,2822.8322116152995,20,{},3
2023-09-12T00:00:00,292917496.85153,9527502.591529999,282917496.85153,2829.1749685153,20,{},3
2023-09-13T00:00:00,288657704.33153003,9527502.591529999,278657704.33153,2786.5770433152998,20,{},3
2023-09-14T00:00:00,290476969.36603,9531411.63603,280476969.36603,2804.7696936602997,20,{},3
2023-09-15T00:00:00,262561199.28950003,9574043.3695,252561199.28950003,2525.611992895,20,{},3
2023-09-16T00:00:00,268855841.024,9577952.414,258855841.02400002,2588.5584102400003,20,{},3
2023-09-17T00:00:00,250574848.1585,9581861.458500002,240574848.1585,2405.748481585,20,{},3
2023-09-18T00:00:00,261683891.023,9585770.503000002,251683891.023,2516.8389102300002,20,{},3
2023-09-19T00:00:00,269444833.5875,9589679.547500003,259444833.58749998,2594.448335875,20,{},3
2023-09-20T00:00:00,260506781.562,9593588.592000004,250506781.562,2505.06781562,20,{},3
2023-09-21T00:00:00,263314510.8765,9597497.636500005,253314510.8765,2533.1451087650003,20,{},3
2023-09-22T00:00:00,263911769.831,9601406.681000005,253911769.831,2539.11769831,20,{},3
2023-09-23T00:00:00,268207285.1615,9636588.081500005,258172103.761,2581.72103761,20,{},3
2023-09-24T00:00:00,257817283.622,9671769.482000005,247748915.43100002,2477.4891543100002,20,{},3
2023-09-25T00:00:00,267408540.362,9671769.482000005,257340172.171,2573.40172171,18,{},3
2023-09-26T00:00:00,263025839.97199997,9671769.482000005,252957471.781,2529.5747178099996,18,{},3
2023-09-27T00:00:00,267432865.412,9671769.482000005,257364497.22100002,2573.64497221,18,{},3
2023-09-28T00:00:00,262923888.602,9671769.482000005,252855520.411,2528.55520411,18,{},3
2023-09-29T00:00:00,270123962.012,9671769.482000005,260055593.821,2600.55593821,20,{},3
2023-09-30T00:00:00,276298040.642,9671769.482000005,266229672.451,2662.29672451,20,{},3
2023-10-01T00:00:00,268105655.462,9671769.482000005,258037287.27100003,2580.37287271,20,{},3
2023-10-02T00:00:00,266658588.242,9671769.482000005,256590220.051,2565.90220051,20,{},3
2023-10-03T00:00:00,267855510.962,9671769.482000005,257787142.771,2577.8714277100003,20,{},3
2023-10-04T00:00:00,265290472.92200002,9671769.482000005,255222104.73100004,2552.2210473100004,20,{},3
2023-10-05T00:00:00,269449544.462,9671769.482000005,259381176.271,2593.81176271,20,{},3
2023-10-06T00:00:00,275078282.612,9671769.482000005,265009914.421,2650.0991442100003,20,{},3
2023-10-07T00:00:00,263298195.93199998,9671769.482000005,253229827.74099997,2532.2982774099996,20,{},3
2023-10-08T00:00:00,244736747.15808,9706619.888080005,234668378.96708003,2346.6837896708003,20,{},3
2023-10-09T00:00:00,233647577.70758003,9737985.197580004,223579209.51658002,2235.7920951658,20,{},3
2023-10-10T00:00:00,221361313.44758,9737985.197580004,211292945.25658,2112.9294525658,20,{},3
2023-10-11T00:00:00,219687743.96758002,9737985.197580004,209619375.77657998,2096.1937577658,20,{},3
2023-10-12T00:00:00,191620558.15613002,9766213.976130005,181552189.96513,1815.5218996513,20,{},3
2023-10-13T00:00:00,177605543.74679,9791619.946790004,167537175.55578998,1675.3717555578999,20,{},3
2023-10-14T00:00:00,163932182.71837002,9814485.348370004,153863814.52736998,1538.6381452736998,20,{},3
2023-10-15T00:00:00,155533583.58837003,9814485.348370004,145465215.39737,1454.6521539737,20,{},3
2023-10-16T00:00:00,162006211.88837004,9814485.348370004,151937843.69737,1519.3784369737,20,{},3
2023-10-17T00:00:00,157916209.29837003,9814485.348370004,147847841.10737,1478.4784110736998,20,{},3
2023-10-18T00:00:00,160944894.64187002,9815477.851870004,150876526.45087,1508.7652645087,20,{},3
2023-10-19T00:00:00,154855412.25537002,9816470.355370004,144787044.06437,1447.8704406437,20,{},3
2023-10-20T00:00:00,161385493.50887,9817462.858870003,151317125.31787002,1513.1712531787002,20,{},3
2023-10-21T00:00:00,159569544.12037,9826395.390370004,149492243.39787,1494.9224339787002,20,{},3
2023-10-22T00:00:00,163423768.75037,9826395.390370004,153346468.02787,1533.4646802787001,20,{},3
2023-10-23T00:00:00,157732803.79037002,9826395.390370004,147655503.06787,1476.5550306787,20,{},3
2023-10-24T00:00:00,165542781.58036998,9826395.390370004,155465480.85786998,1554.6548085786999,20,{},3
2023-10-25T00:00:00,160084858.01037002,9826395.390370004,150007557.28787,1500.0755728786999,20,{},3
2023-10-26T00:00:00,162481908.12037003,9826395.390370004,152404607.39787,1524.0460739787,20,{},3
2023-10-27T00:00:00,163555936.27037004,9826395.390370004,153478635.54787,1534.7863554787,20,{},3
2023-10-28T00:00:00,162602865.14036998,9826395.390370004,152525564.41787,1525.2556441786999,20,{},3
2023-10-29T00:00:00,160380290.68037,9826395.390370004,150302989.95787,1503.0298995787002,20,{},3
2023-10-30T00:00:00,161632070.57037002,9826395.390370004,151554769.84787,1515.5476984786999,20,{},3
2023-10-31T00:00:00,159864586.19037002,9826395.390370004,149787285.46787,1497.8728546787,20,{},3
2023-11-01T00:00:00,157923008.48037001,9826395.390370004,147845707.75787,1478.4570775787,20,{},3
2023-11-02T00:00:00,163321703.64037,9826395.390370004,153244402.91787,1532.4440291787,20,{},3
2023-11-03T00:00:00,159217814.25037003,9826395.390370004,149140513.52787,1491.4051352787,20,{},3
2023-11-04T00:00:00,161351035.48037001,9826395.390370004,151273734.75787002,1512.7373475787,20,{},3
2023-11-05T00:00:00,156129902.79037002,9826395.390370004,146052602.06787002,1460.5260206787002,20,{},3
2023-11-06T00:00:00,160981499.19037002,9826395.390370004,150904198.46787,1509.0419846787,20,{},3
2023-11-07T00:00:00,154393084.31037003,9826395.390370004,144315783.58787,1443.1578358787,20,{},3
2023-11-08T00:00:00,164835931.63037002,9826395.390370004,154758630.90787,1547.5863090787,20,{},3
2023-11-09T00:00:00,156965968.26037002,9826395.390370004,146888667.53787,1468.8866753787,20,{},3
2023-11-10T00:00:00,158407848.98037001,9826395.390370004,148330548.25787002,1483.3054825787003,20,{},3
2023-11-11T00:00:00,162631350.70037,9826395.390370004,152554049.97787,1525.5404997786998,20,{},3
2023-11-12T00:00:00,160876795.28037,9826395.390370004,150799494.55786997,1507.9949455786996,20,{},3
2023-11-13T00:00:00,159350138.82037002,9826395.390370004,149272838.09787,1492.7283809787,20,{},3
2023-11-14T00:00:00,148831041.50582,9846974.195820004,138753740.78331998,1387.5374078331997,18,{},3
2023-11-15T00:00:00,134301649.37219,9874427.722190004,124217416.02019,1242.1741602019001,18,{},3
2023-11-16T00:00:00,120399263.67358,9891096.603580004,110315030.32158001,1103.1503032158002,16,{},3
2023-11-17T00:00:00,104116924.47888,9906098.498880005,94032691.12688,940.3269112688001,18,{},3
2023-11-18T00:00:00,100527804.52465001,9919600.204650005,90443571.17265,904.4357117264999,18,{},3
2023-11-19T00:00:00,95614913.24585,9931751.725850005,85530679.89385,855.3067989384999,20,{},3
2023-11-20T00:00:00,90502852.49585,9931751.725850005,80418619.14385,804.1861914385,20,{},3
2023-11-21T00:00:00,89316669.23584999,9931751.725850005,79232435.88385,792.3243588385,20,{},3
2023-11-22T00:00:00,92129473.88585,9931751.725850005,82045240.53385,820.4524053385001,20,{},3
2023-11-23T00:00:00,90228972.32585,9931751.725850005,80144738.97385,801.4473897384999,18,{},3
2023-11-24T00:00:00,92676872.24585,9931751.725850005,82592638.89385,825.9263889385,18,{},3
2023-11-25T00:00:00,88840035.98585,9931751.725850005,78755802.63385001,787.5580263385001,18,{},3
2023-11-26T00:00:00,92176681.49585,9931751.725850005,82092448.14385,820.9244814385,18,{},3
2023-11-27T00:00:00,88441287.47585,9931751.725850005,78357054.12385,783.5705412385,18,{},3
2023-11-28T00:00:00,90745866.89585,9931751.725850005,80661633.54385,806.6163354385001,18,{},3
2023-11-29T00:00:00,90972862.01585001,9931751.725850005,80888628.66385001,808.8862866385002,18,{},3
2023-11-30T00:00:00,89689224.59584999,9931751.725850005,79604991.24385,796.0499124385,20,{},3
2023-12-01T00:00:00,92817444.95584999,9931751.725850005,82733211.60384999,827.3321160384999,20,{},3
2023-12-02T00:00:00,79328026.81492999,9942688.094930004,69243793.46292998,692.4379346292998,20,{},3
2023-12-03T00:00:00,76261327.37890999,8929475.338910004,66177094.02691,661.7709402691,20,{},4
2023-12-04T00:00:00,68167385.39742,8938333.887420004,58083152.045420006,580.8315204542,20,{},4
2023-12-05T00:00:00,62841560.020849995,7865369.840850005,52757326.66885,527.5732666885,20,{},4
2023-12-06T00:00:00,57267424.78034001,7281145.610340005,47183191.42834,471.8319142834,20,{},5
2023-12-07T00:00:00,55253830.439770006,7287603.519770005,45169597.08777,451.69597087769995,18,{},5
2023-12-08T00:00:00,48561366.041250005,6606210.221250005,38477132.68925,384.7713268925,18,{},5
2023-12-09T00:00:00,45876250.78051,5926810.940510005,35792017.42851,357.9201742851,18,{},5
2023-12-10T00:00:00,41908280.07543001,5931518.745430005,31824046.72343,318.2404672343,20,{},5
2023-12-11T00:00:00,38431019.1591,5243316.039100004,28346785.807099998,283.46785807099997,20,{},5
2023-12-12T00:00:00,37178928.581530005,5247129.271530004,27094695.229529995,270.9469522952999,20,{},5
2023-12-13T00:00:00,33955648.07771,4814149.097710004,23871414.725709997,238.7141472571,20,{},5
2023-12-14T00:00:00,31722702.07253,4817237.912530004,21638468.72053,216.3846872053,20,{},5
2023-12-15T00:00:00,31530101.63253001,4817237.912530004,21445868.280530006,214.45868280530007,20,{},5
2023-12-16T00:00:00,32436547.642530005,4817237.912530004,22352314.290530004,223.52314290530003,20,{},5
2023-12-17T00:00:00,31964641.05253,4817237.912530004,21880407.70053,218.8040770053,20,{},5
2023-12-18T00:00:00,31476637.619530004,5077873.529530004,21392404.267529998,213.92404267529997,18,{},5
2023-12-19T00:00:00,31259660.839530006,5077873.529530004,21175427.487530008,211.75427487530007,16,{},5
2023-12-20T00:00:00,31518962.659530003,5077873.529530004,21434729.30753,214.3472930753,16,{},5
2023-12-21T00:00:00,32047407.349530004,5077873.529530004,21963173.997530002,219.6317399753,16,{},5
2023-12-22T00:00:00,32170234.679530002,5077873.529530004,22086001.327529997,220.8600132753,16,{},5
2023-12-23T00:00:00,32038273.179530006,5077873.529530004,21954039.827530004,219.54039827530005,18,{},5
2023-12-24T00:00:00,31705184.599530008,5077873.529530004,21620951.24753,216.2095124753,18,{},5
2023-12-25T00:00:00,31179243.409530006,5077873.529530004,21095010.05753,210.9501005753,18,{},5
2023-12-26T00:00:00,31176253.679530002,5077873.529530004,21092020.327530004,210.92020327530005,18,{},5
2023-12-27T00:00:00,31649326.30953,5077873.529530004,21565092.95753,215.6509295753,20,{},5
2023-12-28T00:00:00,31533379.519530002,5077873.529530004,21449146.16753,214.49146167530003,20,{},5
2023-12-29T00:00:00,31645522.079530008,5077873.529530004,21561288.727530003,215.61288727530004,20,{},5
2023-12-30T00:00:00,30968207.12953,5077873.529530004,20883973.777529996,208.83973777529997,20,{},5
2023-12-31T00:00:00,31243228.709530003,5077873.529530004,21158995.357529998,211.5899535753,20,{},5
2024-01-01T00:00:00,32267605.359530006,5077873.529530004,22183372.00753,221.8337200753,20,{},5
2024-01-02T00:00:00,31678150.26953,5077873.529530004,21593916.91753,215.9391691753,20,{},5
2024-01-03T00:00:00,31503754.079530004,5077873.529530004,21419520.72753,214.1952072753,18,{},5
2024-01-04T00:00:00,31781464.039530005,5077873.529530004,21697230.687530003,216.97230687530003,18,{},5
2024-01-05T00:00:00,31518850.859530002,5077873.529530004,21434617.50753,214.3461750753,20,{},5
2024-01-06T00:00:00,32143910.38453,5312386.214530003,22059677.032530002,220.5967703253,20,{},5
2024-01-07T00:00:00,31396633.401530005,5523546.581530003,21312400.04953,213.12400049529998,20,{},5
2024-01-08T00:00:00,31192955.37153,5713531.541530003,21108722.019530002,211.0872201953,20,{},5
2024-01-09T00:00:00,31331673.59553,5884518.0055300025,21247440.243529998,212.4744024353,20,{},5
2024-01-10T00:00:00,31838551.74353001,6038484.983530003,21754318.391530003,217.54318391530006,20,{},5
2024-01-11T00:00:00,32314006.123530004,6177015.683530003,22229772.771530002,222.29772771530003,20,{},5
2024-01-12T00:00:00,32057559.223530002,6177015.683530003,21973325.87153,219.7332587153,20,{},5
2024-01-13T00:00:00,31428783.003530007,6177015.683530003,21344549.65153,213.4454965153,20,{},5
2024-01-14T00:00:00,31712948.773530006,6177015.683530003,21628715.42153,216.28715421530003,20,{},5
2024-01-15T00:00:00,31526433.183530003,6177015.683530003,21442199.83153,214.4219983153,20,{},5
2024-01-16T00:00:00,31504559.383530006,6177015.683530003,21420326.031530004,214.20326031530004,18,{},5
2024-01-17T00:00:00,31603493.91353,6177015.683530003,21519260.56153,215.1926056153,18,{},5
2024-01-18T00:00:00,32066260.393530004,6177015.683530003,21982027.041530006,219.82027041530006,18,{},5
2024-01-19T00:00:00,31619383.95353,6177015.683530003,21535150.60153,215.3515060153,18,{},5
2024-01-20T00:00:00,31832675.71353,6177015.683530003,21748442.361530002,217.48442361530002,20,{},5
2024-01-21T00:00:00,31970501.163530003,6177015.683530003,21886267.81153,218.8626781153,20,{},5
2024-01-22T00:00:00,31544471.683530003,6177015.683530003,21460238.331530005,214.60238331530005,20,{},5
2024-01-23T00:00:00,31040152.74353,6301693.313530003,20955919.39153,209.5591939153,20,{},5
2024-01-24T00:00:00,31417717.970529996,6413903.180530002,21333484.61853,213.33484618530002,18,{},5
2024-01-25T00:00:00,31690524.050530005,6514832.690530002,21606290.698530003,216.06290698530003,20,{},5
2024-01-26T00:00:00,31009829.959530007,6605669.2495300025,20925596.607530005,209.25596607530002,18,{},5
2024-01-27T00:00:00,32287737.87603,6284367.946030002,22271872.715029996,222.71872715029994,20,{},5
2024-01-28T00:00:00,31812335.68603,6284367.946030002,21796470.525030002,217.96470525030003,20,{},5
2024-01-29T00:00:00,32029838.016030002,6284367.946030002,22013972.85503,220.1397285503,20,{},5
2024-01-30T00:00:00,32325681.58603,6284367.946030002,22309816.42503,223.0981642503,20,{},5
2024-01-31T00:00:00,31801819.896030005,6284367.946030002,21785954.735030003,217.85954735030003,20,{},5
2024-02-01T00:00:00,32402061.516030002,6284367.946030002,22386196.35503,223.8619635503,20,{},5
2024-02-02T00:00:00,32044364.456030007,6284367.946030002,22028499.295030005,220.28499295030005,20,{},5
2024-02-03T00:00:00,31778610.266030002,6284367.946030002,21762745.10503,217.6274510503,20,{},5
2024-02-04T00:00:00,32173252.17803,6357987.118030002,22157387.017029997,221.57387017029998,20,{},5
2024-02-05T00:00:00,32238225.85303,6424283.953030002,22222360.69203,222.22360692030003,20,{},5
2024-02-06T00:00:00,32043361.834030002,6483852.154030003,22027496.673030004,220.27496673030004,20,{},5
2024-02-07T00:00:00,31649821.695030004,6537483.325030003,21633956.534030005,216.33956534030006,20,{},5
2024-02-08T00:00:00,32267653.739030004,6585771.169030002,22251788.57803,222.51788578030002,20,{},5
2024-02-09T00:00:00,32722761.959030002,6629309.389030002,22706896.79803,227.06896798030002,20,{},5
2024-02-10T00:00:00,32053510.007029995,6668493.787030002,22037644.84603,220.3764484603,20,{},5
2024-02-11T00:00:00,32222312.74503001,6703720.165030002,22206447.584030002,222.0644758403,20,{},5
2024-02-12T00:00:00,32846961.805030007,6703720.165030002,22831096.644030005,228.31096644030006,20,{},5
2024-02-13T00:00:00,32888532.57503,6703720.165030002,22872667.41403,228.72667414030002,20,{},5
2024-02-14T00:00:00,32127289.905029997,6703720.165030002,22111424.74403,221.11424744029998,20,{},5
2024-02-15T00:00:00,31806159.755030002,6703720.165030002,21790294.59403,217.9029459403,20,{},5
2024-02-16T00:00:00,32398118.716530003,6363293.036530002,22382253.55553,223.8225355553,20,{},5
2024-02-17T00:00:00,32636649.936530005,6363293.036530002,22620784.775530003,226.20784775530007,20,{},5
2024-02-18T00:00:00,32669379.436529998,6363293.036530002,22653514.27553,226.5351427553,20,{},5
2024-02-19T00:00:00,32262568.166530002,6363293.036530002,22246703.005530003,222.46703005530003,20,{},5
2024-02-20T00:00:00,29806227.416910004,4396770.726910002,19790362.255909998,197.9036225591,20,{},5
2024-02-21T00:00:00,28707637.76131,4100935.5813100017,18691772.60031,186.91772600310003,20,{},5
2024-02-22T00:00:00,28155364.76131,4100935.5813100017,18139499.600310005,181.39499600310006,20,{},5
2024-02-23T00:00:00,27942394.432310004,4171298.3823100016,17926529.27131,179.26529271310002,18,{},5
2024-02-24T00:00:00,27899242.14431,4233843.0943100015,17883376.983310003,178.8337698331,18,{},5
2024-02-25T00:00:00,27875609.314310003,4233843.0943100015,17859744.15331,178.5974415331,18,{},5
2024-02-26T00:00:00,27924838.044310004,4233843.0943100015,17908972.88331,179.08972883310003,18,{},5
2024-02-27T00:00:00,27989538.644310005,4233843.0943100015,17973673.483310003,179.73673483310003,18,{},5
2024-02-28T00:00:00,28761997.96431,4233843.0943100015,18746132.803310007,187.46132803310007,20,{},5
2024-02-29T00:00:00,28147206.02431,4233843.0943100015,18131340.863309998,181.31340863309998,20,{},5
2024-03-01T00:00:00,27564157.70431,4233843.0943100015,17548292.54331,175.48292543310004,20,{},5
2024-03-02T00:00:00,28327224.74431,4233843.0943100015,18311359.58331,183.11359583310002,20,{},5
2024-03-03T00:00:00,28059554.30431,4233843.0943100015,18043689.143310003,180.43689143310002,20,{},5
2024-03-04T00:00:00,27942968.229310002,4492103.899310001,17927103.068310004,179.27103068310004,20,{},5
2024-03-05T00:00:00,27682479.85331,4724439.673310001,17666614.692309998,176.66614692309997,20,{},5
2024-03-06T00:00:00,27658661.86031,4933621.030310001,17642796.699309997,176.42796699309997,20,{},5
2024-03-07T00:00:00,28316002.461310003,5121824.881310001,18300137.300309997,183.00137300309999,20,{},5
2024-03-08T00:00:00,28329043.907310005,5291228.137310001,18313178.74631,183.13178746309998,20,{},5
2024-03-09T00:00:00,28120942.937310003,5443611.907310001,18105077.77631,181.0507777631,20,{},5
2024-03-10T00:00:00,28140171.87731,5443611.907310001,18124306.716310002,181.24306716310002,20,{},5
2024-03-11T00:00:00,27953827.27296,5701951.37296,17937962.11196,179.37962111960002,20,{},5
2024-03-12T00:00:00,27929540.68296,5701951.37296,17913675.52196,179.13675521960002,18,{},5
2024-03-13T00:00:00,27893766.93296,5701951.37296,17877901.771959998,178.77901771959998,18,{},5
2024-03-14T00:00:00,27929923.10296,5701951.37296,17914057.94196,179.1405794196,18,{},5
2024-03-15T00:00:00,29000639.192959998,5701951.37296,18984774.03196,189.84774031959998,18,{},5
2024-03-16T00:00:00,28372482.135959998,5839096.76596,18356616.97496,183.5661697496,18,{},5
2024-03-17T00:00:00,28356690.12996,5962586.989960001,18340824.968960006,183.40824968960007,18,{},5
2024-03-18T00:00:00,28540946.132960007,5673028.28296,18525080.971960004,185.25080971960003,20,{},5
2024-03-19T00:00:00,28727195.73296,5673028.28296,18711330.57196,187.1133057196,20,{},5
2024-03-20T00:00:00,28772325.722960003,5673028.28296,18756460.561960004,187.56460561960006,20,{},5
2024-03-21T00:00:00,28504950.062960003,5673028.28296,18489084.901960004,184.89084901960004,20,{},5
2024-03-22T00:00:00,28725377.122959998,5673028.28296,18709511.96196,187.09511961959998,20,{},5
2024-03-23T00:00:00,28299305.46296,5673028.28296,18283440.30196,182.8344030196,20,{},5
2024-03-24T00:00:00,28463804.47296,5673028.28296,18447939.31196,184.4793931196,20,{},5
2024-03-25T00:00:00,28142386.562960003,5673028.28296,18126521.40196,181.2652140196,20,{},5
2024-03-26T00:00:00,28740853.772960003,5673028.28296,18724988.611960005,187.24988611960006,20,{},5
2024-03-27T00:00:00,28551788.30296,5673028.28296,18535923.141960002,185.35923141960004,18,{},5
2024-03-28T00:00:00,28433900.902960002,5673028.28296,18418035.74196,184.1803574196,18,{},5
2024-03-29T00:00:00,28016513.60296,5673028.28296,18000648.441959996,180.00648441959996,18,{},5
2024-03-30T00:00:00,28472197.332960002,5673028.28296,18456332.171960004,184.56332171960003,20,{},5
2024-03-31T00:00:00,28244991.06296,5673028.28296,18229125.901959997,182.29125901959998,20,{},5
2024-04-01T00:00:00,28175987.722960003,5673028.28296,18160122.56196,181.60122561960003,20,{},5
2024-04-02T00:00:00,28078681.472960003,5673028.28296,18062816.31196,180.6281631196,20,{},5
2024-04-03T00:00:00,27978920.50571,5472277.96571,17963055.34471,179.6305534471,20,{},5
2024-04-04T00:00:00,27886990.25571,5472277.96571,17871125.09471,178.7112509471,20,{},5
2024-04-05T00:00:00,28441051.995709997,5472277.96571,18425186.83471,184.2518683471,20,{},5
2024-04-06T00:00:00,29133310.74571,5472277.96571,19117445.584710002,191.17445584710003,20,{},5
2024-04-07T00:00:00,27595729.094710004,5558276.94471,17579863.93371,175.7986393371,20,{},5
2024-04-08T00:00:00,28011249.440210007,5632548.79021,17995384.27921,179.9538427921,20,{},5
2024-04-09T00:00:00,28369656.49121,5702911.59121,18353791.33021,183.5379133021,20,{},5
2024-04-10T00:00:00,28722773.07321,5765456.3032100005,18706907.912210003,187.06907912210002,20,{},5
2024-04-11T00:00:00,27402609.273210004,5765456.3032100005,17386744.11221,173.86744112210002,20,{},5
2024-04-12T00:00:00,28123919.947210003,5483723.50721,18108054.78621,181.0805478621,20,{},5
2024-04-13T00:00:00,28606825.827209998,5483723.50721,18590960.66621,185.9096066621,20,{},5
2024-04-14T00:00:00,28486685.817209996,5483723.50721,18470820.65621,184.7082065621,20,{},5
2024-04-15T00:00:00,28248419.43721,5483723.50721,18232554.27621,182.32554276209999,20,{},5
2024-04-16T00:00:00,27752097.877210002,5483723.50721,17736232.71621,177.3623271621,18,{},5
2024-04-17T00:00:00,28525895.20721,5483723.50721,18510030.046210002,185.10030046210002,18,{},5
2024-04-18T00:00:00,27965757.60171,5565813.441710001,17949892.44071,179.4989244071,18,{},5
2024-04-19T00:00:00,28148910.26721,5640085.287210001,18133045.10621,181.33045106210002,18,{},5
2024-04-20T00:00:00,27699962.12371,5706539.043710001,17684096.96271,176.8409696271,20,{},5
2024-04-21T00:00:00,27957729.123710003,5706539.043710001,17941863.96271,179.41863962710002,20,{},5
2024-04-22T00:00:00,27967425.533710003,5706539.043710001,17951560.37271,179.5156037271,20,{},5
2024-04-23T00:00:00,28749979.933709998,5706539.043710001,18734114.772710003,187.3411477271,20,{},5
2024-04-24T00:00:00,28161822.00371,5706539.043710001,18145956.842710003,181.45956842710004,20,{},5
2024-04-25T00:00:00,28529224.103710003,5706539.043710001,18513358.94271,185.13358942710002,20,{},5
2024-04-26T00:00:00,27865785.70371,5706539.043710001,17849920.542710003,178.49920542710004,20,{},5
2024-04-27T00:00:00,28222066.693709996,5706539.043710001,18206201.53271,182.0620153271,20,{},5
2024-04-28T00:00:00,27723343.68371,5706539.043710001,17707478.522709996,177.07478522709997,20,{},5
2024-04-29T00:00:00,28051983.783710007,5706539.043710001,18036118.62271,180.3611862271,20,{},5
2024-04-30T00:00:00,28428222.853710003,5706539.043710001,18412357.69271,184.12357692710003,20,{},5
2024-05-01T00:00:00,28156475.41371,5706539.043710001,18140610.25271,181.4061025271,20,{},5
2024-05-02T00:00:00,27066973.59371,5706539.043710001,17051108.43271,170.5110843271,18,{},5
2024-05-03T00:00:00,27926648.35671,5416980.33671,17910783.195710003,179.10783195710002,18,{},5
2024-05-04T00:00:00,28868455.14671,5416980.33671,18852589.985710002,188.52589985710003,18,{},5
2024-05-05T00:00:00,28525018.236710005,5416980.33671,18509153.075710006,185.09153075710006,18,{},5
2024-05-06T00:00:00,27980748.15671,5416980.33671,17964882.99571,179.64882995710002,18,{},5
2024-05-07T00:00:00,28495315.126709998,5416980.33671,18479449.96571,184.7944996571,18,{},5
2024-05-08T00:00:00,28331629.18621,5626156.696210001,18315764.02521,183.1576402521,18,{},5
2024-05-09T00:00:00,27788249.299760003,5968778.199760001,17772384.138760004,177.72384138760003,20,{},5
2024-05-10T00:00:00,28507833.11426,5696844.374260002,18491967.95326,184.91967953260001,20,{},5
2024-05-11T00:00:00,28146315.36426,5696844.374260002,18130450.203259997,181.30450203259997,20,{},5
2024-05-12T00:00:00,28156916.004259996,5696844.374260002,18141050.843259998,181.41050843259998,20,{},5
2024-05-13T00:00:00,28391317.02426,5696844.374260002,18375451.86326,183.75451863260002,20,{},5
2024-05-14T00:00:00,28798732.634260006,5696844.374260002,18782867.473260004,187.82867473260004,20,{},5
2024-05-15T00:00:00,27515989.19426,5696844.374260002,17500124.033260003,175.00124033260002,20,{},5
2024-05-16T00:00:00,25780576.71982,3921751.899820002,15764711.55882,157.6471155882,20,{},5
2024-05-17T00:00:00,24621674.096010003,3923778.506010002,14605808.935010001,146.0580893501,20,{},5
2024-05-18T00:00:00,23136297.86363,3925602.353630002,13120432.702629998,131.20432702629998,20,{},5
2024-05-19T00:00:00,23157867.27363,3925602.353630002,13142002.112629998,131.42002112629999,18,{},5
2024-05-20T00:00:00,23260338.613630004,3925602.353630002,13244473.452629998,132.44473452629998,18,{},5
2024-05-21T00:00:00,23691056.713630002,3925602.353630002,13675191.552629998,136.75191552629997,18,{},5
2024-05-22T00:00:00,23420441.91363,3925602.353630002,13404576.75263,134.04576752629998,20,{},5
2024-05-23T00:00:00,23136337.213630002,3925602.353630002,13120472.052629998,131.20472052629998,20,{},5
2024-05-24T00:00:00,24015739.69363,3925602.353630002,13999874.532629997,139.99874532629997,20,{},5
2024-05-25T00:00:00,23004767.123630002,3925602.353630002,12988901.962629998,129.88901962629998,20,{},5
2024-05-26T00:00:00,23441158.09363,3925602.353630002,13425292.932629999,134.2529293263,20,{},5
2024-05-27T00:00:00,23422932.58363,3925602.353630002,13407067.422629999,134.07067422629999,20,{},5
2024-05-28T00:00:00,23568290.16363,3925602.353630002,13552425.00263,135.5242500263,20,{},5
2024-05-29T00:00:00,23772005.353630003,3925602.353630002,13756140.192629997,137.56140192629996,20,{},5
2024-05-30T00:00:00,23640447.413630005,3925602.353630002,13624582.25263,136.2458225263,20,{},5
2024-05-31T00:00:00,23702962.42363,3925602.353630002,13687097.262629997,136.87097262629996,20,{},5
2024-06-01T00:00:00,23503576.00363,3925602.353630002,13487710.842629999,134.8771084263,20,{},5
2024-06-02T00:00:00,23600001.36483,4095075.1748300022,13584136.20383,135.8413620383,20,{},5
2024-06-03T00:00:00,23025378.72058,4247627.360580002,13009513.55958,130.0951355958,20,{},5
2024-06-04T00:00:00,23092331.271080002,4384857.711080002,13076466.11008,130.7646611008,20,{},5
2024-06-05T00:00:00,23107617.466530003,4508365.026530001,13091752.30553,130.9175230553,20,{},5
2024-06-06T00:00:00,23024133.073780004,4619614.873780001,13008267.91278,130.0826791278,20,{},5
2024-06-07T00:00:00,23349423.82378,4619614.873780001,13333558.66278,133.3355866278,20,{},5
2024-06-08T00:00:00,23066251.133780003,4619614.873780001,13050385.972779999,130.50385972779998,20,{},5
2024-06-09T00:00:00,23286454.493780002,4619614.873780001,13270589.33278,132.7058933278,20,{},5
2024-06-10T00:00:00,22998084.12378,4619614.873780001,12982218.96278,129.82218962780001,20,{},5
2024-06-11T00:00:00,23589009.34378,4619614.873780001,13573144.182779998,135.73144182779998,20,{},5
2024-06-12T00:00:00,23275160.89378,4619614.873780001,13259295.73278,132.5929573278,20,{},5
2024-06-13T00:00:00,23187854.423779998,4619614.873780001,13171989.262779996,131.71989262779994,20,{},5
2024-06-14T00:00:00,22596587.10378,4619614.873780001,12580721.94278,125.80721942779999,20,{},5
2024-06-15T00:00:00,23141407.27378,4619614.873780001,13125542.11278,131.2554211278,20,{},5
2024-06-16T00:00:00,23260510.013779998,4619614.873780001,13244644.85278,132.4464485278,20,{},5
2024-06-17T00:00:00,22960544.473780002,4619614.873780001,12944679.312779998,129.4467931278,18,{},5
2024-06-18T00:00:00,23002807.60378,4619614.873780001,12986942.44278,129.86942442779997,18,{},5
2024-06-19T00:00:00,23315083.52378,4619614.873780001,13299218.362779997,132.99218362779996,20,{},5
2024-06-20T00:00:00,23162844.393780004,4619614.873780001,13146979.23278,131.4697923278,18,{},5
2024-06-21T00:00:00,23449746.45378,4619614.873780001,13433881.292779997,134.33881292779998,18,{},5
2024-06-22T00:00:00,22475055.49378,4619614.873780001,12459190.33278,124.5919033278,20,{},5
2024-06-23T00:00:00,23284043.602280002,4421688.052280001,13284043.602279998,132.8404360228,20,{},5
2024-06-24T00:00:00,23387751.562280003,4421688.052280001,13387751.56228,133.8775156228,20,{},5
2024-06-25T00:00:00,23690032.18228,4421688.052280001,13690032.182279998,136.90032182279998,20,{},5
2024-06-26T00:00:00,22977916.64228,4421688.052280001,12977916.642280001,129.77916642280002,20,{},5
2024-06-27T00:00:00,23064355.66228,4421688.052280001,13064355.662279999,130.6435566228,20,{},5
2024-06-28T00:00:00,23211950.05228,4421688.052280001,13211950.05228,132.1195005228,20,{},5
2024-06-29T00:00:00,23131917.93228,4421688.052280001,13131917.93228,131.31917932279998,20,{},5
2024-06-30T00:00:00,23249846.222280003,4421688.052280001,13249846.22228,132.4984622228,20,{},5
2024-07-01T00:00:00,23105024.828130003,4521746.298130001,13105024.82813,131.0502482813,20,{},5
2024-07-02T00:00:00,23603816.15273,4611812.042730001,13603816.15273,136.0381615273,20,{},5
2024-07-03T00:00:00,23348598.492730003,4611812.042730001,13348598.492730001,133.48598492730002,20,{},5
2024-07-04T00:00:00,23371791.99273,4611812.042730001,13371791.99273,133.7179199273,20,{},5
2024-07-05T00:00:00,22621834.19773,4729083.377730001,12621834.19773,126.2183419773,20,{},5
2024-07-06T00:00:00,22771633.00773,4729083.377730001,12771633.00773,127.71633007729999,20,{},5
2024-07-07T00:00:00,22810287.59773,4729083.377730001,12810287.59773,128.1028759773,20,{},5
2024-07-08T00:00:00,23232277.01773,4729083.377730001,13232277.01773,132.3227701773,20,{},5
2024-07-09T00:00:00,23244579.48773,4729083.377730001,13244579.48773,132.4457948773,20,{},5
2024-07-10T00:00:00,23420067.96773,4729083.377730001,13420067.967729999,134.20067967729997,20,{},5
2024-07-11T00:00:00,22997874.20773,4729083.377730001,12997874.207729999,129.97874207729998,20,{},5
2024-07-12T00:00:00,23028097.76773,4729083.377730001,13028097.76773,130.2809776773,20,{},5
2024-07-13T00:00:00,22587866.91773,4729083.377730001,12587866.91773,125.8786691773,20,{},5
2024-07-14T00:00:00,22836104.297730003,4729083.377730001,12836104.297729999,128.36104297729997,20,{},5
2024-07-15T00:00:00,23309330.81453,4810089.2545300005,13309330.81453,133.0933081453,20,{},5
2024-07-16T00:00:00,23196129.500329997,4883101.13033,13196129.500329997,131.9612950033,20,{},5
2024-07-17T00:00:00,23152301.890879996,4706181.93088,13152301.890879998,131.52301890879997,20,{},5
2024-07-18T00:00:00,23412469.19088,4706181.93088,13412469.19088,134.1246919088,20,{},5
2024-07-19T00:00:00,23009272.16088,4706181.93088,13009272.16088,130.0927216088,20,{},5
2024-07-20T00:00:00,23323526.474880002,4524215.99488,13323526.47488,133.2352647488,20,{},5
2024-07-21T00:00:00,22958856.679879997,4641487.32988,12958856.679879999,129.5885667988,20,{},5
2024-07-22T00:00:00,23348799.151380002,4747031.5313800005,13348799.15138,133.4879915138,20,{},5
2024-07-23T00:00:00,22520380.469380002,4840848.5993800005,12520380.469379999,125.2038046938,20,{},5
2024-07-24T00:00:00,23625114.801880002,4448975.761880001,13625114.801879998,136.2511480188,20,{},5
2024-07-25T00:00:00,22070389.484759998,4587820.544760001,12070389.484760001,120.70389484760003,20,{},5
2024-07-26T00:00:00,20828498.19235,4642458.032350001,10828498.19235,108.2849819235,20,{},5
2024-07-27T00:00:00,20454635.122210003,3472812.452210001,10454635.122210002,104.54635122210001,20,{},5
2024-07-28T00:00:00,19627201.90357,3474009.133570001,9627201.90357,96.2720190357,20,{},5
2024-07-29T00:00:00,18980228.71478,3475086.174780001,8980228.714780001,89.8022871478,20,{},5
2024-07-30T00:00:00,18087319.678889997,3778646.098890001,8087319.67889,80.8731967889,20,{},5
2024-07-31T00:00:00,18149578.30589,4051155.775890001,8149578.30589,81.4957830589,20,{},5
2024-08-01T00:00:00,18399675.48489,4296355.114890001,8399675.48489,83.99675484890001,20,{},5
2024-08-02T00:00:00,18474971.48989,4517014.729890001,8474971.48989,84.7497148989,20,{},5
2024-08-03T00:00:00,18169795.71289,4715509.432890001,8169795.712889999,81.69795712889999,20,{},5
2024-08-04T00:00:00,18755165.70589,4894214.035890001,8755165.70589,87.5516570589,20,{},5
2024-08-05T00:00:00,18276397.29089,4292983.570890001,8276397.29089,82.7639729089,20,{},5
2024-08-06T00:00:00,17961125.64559,4410495.385590001,7961125.64559,79.6112564559,20,{},5
2024-08-07T00:00:00,18228955.855490003,4516282.665490001,8228955.855490001,82.28955855490001,20,{},5
2024-08-08T00:00:00,18585875.28859,4440266.018590001,8585875.288590001,85.85875288590002,20,{},5
2024-08-09T00:00:00,18458245.393590003,4639156.523590001,8458245.39359,84.58245393589999,20,{},5
2024-08-10T00:00:00,17691095.16121,4225209.541210001,7691095.16121,76.91095161209999,20,{},5
2024-08-11T00:00:00,17662580.30121,4225209.541210001,7662580.301209999,76.6258030121,20,{},5
2024-08-12T00:00:00,17601549.37121,4225209.541210001,7601549.3712100005,76.0154937121,20,{},5
2024-08-13T00:00:00,17674448.861210003,4225209.541210001,7674448.86121,76.74448861209999,20,{},5
2024-08-14T00:00:00,17858752.651210003,4225209.541210001,7858752.65121,78.5875265121,20,{},5
2024-08-15T00:00:00,17703931.761210002,4225209.541210001,7703931.76121,77.0393176121,20,{},5
2024-08-16T00:00:00,17588445.23016,4350049.190160002,7588445.230160002,75.88445230160002,20,{},5
2024-08-17T00:00:00,17440035.567560002,4462498.137560002,7440035.567560001,74.40035567560001,20,{},5
2024-08-18T00:00:00,17577388.05021,4563622.250210001,7577388.05021,75.7738805021,20,{},5
2024-08-19T00:00:00,17383289.358260002,4654620.628260002,7383289.35826,73.83289358260001,20,{},5
2024-08-20T00:00:00,17769147.74226,4222512.682260001,7769147.74226,77.6914774226,20,{},5
2024-08-21T00:00:00,17608122.02726,4339784.017260001,7608122.02726,76.0812202726,20,{},5
2024-08-22T00:00:00,17798493.81876,4445328.2187600015,7798493.818759999,77.9849381876,20,{},5
2024-08-23T00:00:00,17489947.976760004,4539145.286760001,7489947.97676,74.8994797676,20,{},5
2024-08-24T00:00:00,17388666.76576,4625144.265760002,7388666.765759999,73.88666765759999,20,{},5
2024-08-25T00:00:00,17527371.955760002,4703325.155760001,7527371.955759999,75.27371955759999,20,{},5
2024-08-26T00:00:00,17719385.789260004,4143772.5192600014,7719385.78926,77.19385789260001,20,{},5
2024-08-27T00:00:00,17726129.03926,4143772.5192600014,7726129.03926,77.2612903926,20,{},5
2024-08-28T00:00:00,17688183.49926,4143772.5192600014,7688183.49926,76.88183499259999,20,{},5
2024-08-29T00:00:00,17823899.399260003,4143772.5192600014,7823899.39926,78.2389939926,20,{},5
2024-08-30T00:00:00,17648507.99926,4143772.5192600014,7648507.999259999,76.48507999259999,20,{},5
2024-08-31T00:00:00,17796581.87926,4143772.5192600014,7796581.87926,77.96581879259999,20,{},5
2024-09-01T00:00:00,17667549.39926,4143772.5192600014,7667549.399259999,76.6754939926,20,{},5
2024-09-02T00:00:00,17535105.599260002,4143772.5192600014,7535105.5992600005,75.3510559926,20,{},5
2024-09-03T00:00:00,17644477.20926,4143772.5192600014,7644477.20926,76.4447720926,20,{},5
2024-09-04T00:00:00,17144802.256490003,4144557.666490001,7144802.25649,71.44802256489999,20,{},5
2024-09-05T00:00:00,16424867.63299,4145264.312990001,6424867.63299,64.24867632990001,20,{},5
2024-09-06T00:00:00,16031585.234839998,4145900.294840001,6031585.234839999,60.31585234839999,20,{},5
2024-09-07T00:00:00,15596718.92854,4146472.608540001,5596718.928540001,55.96718928540001,20,{},5
2024-09-08T00:00:00,15371041.310870003,4146987.690870001,5371041.310870001,53.7104131087,20,{},5
2024-09-09T00:00:00,15074595.91896,4147451.278960001,5074595.918959999,50.7459591896,20,{},5
2024-09-10T00:00:00,14526311.925870001,4272974.665870001,4526311.925869999,45.263119258699994,20,{},5
2024-09-11T00:00:00,14260941.407990001,4273350.23799,4260941.407989999,42.60941407989999,20,{},5
2024-09-12T00:00:00,14047717.33894,4273688.16894,4047717.33894,40.4771733894,20,{},5
2024-09-13T00:00:00,13680785.26676,4273992.37676,3680785.266760001,36.80785266760001,20,{},5
2024-09-14T00:00:00,13768766.516760001,4273992.37676,3768766.5167600005,37.6876651676,20,{},5
2024-09-15T00:00:00,13681728.60676,4273992.37676,3681728.60676,36.817286067599994,20,{},5
2024-09-16T00:00:00,13466133.21384,4399355.50384,3466133.2138400003,34.661332138400006,20,{},5
2024-09-17T00:00:00,13228175.971069999,4512964.21107,3228175.97107,32.2817597107,20,{},5
2024-09-18T00:00:00,13010638.26712,4614821.15712,3010638.2671200004,30.106382671200006,20,{},5
2024-09-19T00:00:00,12958843.69712,4614821.15712,2958843.6971199997,29.5884369712,20,{},5
2024-09-20T00:00:00,12929624.487119999,4614821.15712,2929624.4871200006,29.296244871200006,20,{},5
2024-09-21T00:00:00,12874473.47562,4724989.04562,2874473.4756200006,28.744734756200007,20,{},5
2024-09-22T00:00:00,12944480.63562,4824239.39562,2944480.6356200003,29.444806356200004,20,{},5
2024-09-23T00:00:00,12761723.670619998,4913564.71062,2761723.6706200005,27.617236706200003,20,{},5
2024-09-24T00:00:00,12729822.59062,4913564.71062,2729822.5906200004,27.298225906200003,20,{},5
2024-09-25T00:00:00,12621274.07062,4913564.71062,2621274.0706200004,26.212740706200005,20,{},5
2024-09-26T00:00:00,12679312.11062,4913564.71062,2679312.1106200004,26.7931211062,20,{},5
2024-09-27T00:00:00,12878460.17062,4913564.71062,2878460.17062,28.784601706200004,20,{},5
2024-09-28T00:00:00,12772262.40062,4913564.71062,2772262.4006200004,27.722624006200004,20,{},5
2024-09-29T00:00:00,12820688.150619999,4913564.71062,2820688.1506200004,28.206881506200006,20,{},5
2024-09-30T00:00:00,12825154.52062,4913564.71062,2825154.5206200005,28.251545206200007,20,{},5
2024-10-01T00:00:00,12719625.2908,4913764.2508,2719625.2908000005,27.196252908000005,20,{},5
2024-10-02T00:00:00,12564233.06099,4913943.78099,2564233.060990001,25.64233060990001,20,{},5
2024-10-03T00:00:00,12371426.07014,4914105.40014,2371426.0701400004,23.714260701400004,20,{},5
2024-10-04T00:00:00,12291431.13734,4914250.92734,2291431.13734,22.914311373399997,20,{},5
2024-10-05T00:00:00,12241561.14182,4914381.90182,2241561.1418199996,22.415611418199997,20,{},5
2024-10-06T00:00:00,12061142.862879999,4914499.72288,2061142.8628800001,20.611428628800002,20,{},5
2024-10-07T00:00:00,12128217.919820001,4914605.7898200005,2128217.91982,21.282179198199998,20,{},5
2024-10-08T00:00:00,12119938.436080001,5135162.93608,2119938.4360800004,21.199384360800003,20,{},5
2024-10-09T00:00:00,450524994.35928,4757654.37928,440524994.35927993,4405.249943592799,20,{},5
2024-10-10T00:00:00,449853005.45128,4936161.08128,439853005.45128,4398.5300545128,20,{},5
2024-10-11T00:00:00,442963354.45328,5096856.693279999,432963354.45328,4329.6335445327995,20,{},5
2024-10-12T00:00:00,438450891.19777995,5321915.107779999,428450891.1977801,4284.508911977801,20,{},5
2024-10-13T00:00:00,448676738.60128,5524586.721279999,438676738.60128,4386.7673860128,20,{},5
2024-10-14T00:00:00,452872781.89428,5707249.344279999,442872781.89427996,4428.7278189428,20,{},5
2024-10-15T00:00:00,452983949.29803,6073778.48803,442983949.29803,4429.8394929803,20,{},5
2024-10-16T00:00:00,451875681.82637995,6404656.26638,441875681.82638,4418.756818263801,20,{},5
2024-10-17T00:00:00,459373839.35087997,6611863.61088,449373839.35087997,4493.738393508799,20,{},5
2024-10-18T00:00:00,431794376.60588,6797780.605880001,421794376.60588,4217.9437660588,20,{},5
2024-10-19T00:00:00,449379019.39887995,6964191.358880001,439379019.39887995,4393.7901939888,20,{},5
2024-10-20T00:00:00,449820088.50938004,7115994.419380001,439820088.50938004,4398.2008850938,20,{},5
2024-10-21T00:00:00,465098850.81838006,7250669.0483800005,455098850.81838006,4550.988508183801,20,{},5
2024-10-22T00:00:00,452848742.8663799,7278459.146380001,442848742.86638,4428.4874286638005,20,{},5
2024-10-23T00:00:00,453876609.37737995,7304264.237380001,443876609.37738,4438.7660937738,20,{},5
2024-10-24T00:00:00,463776401.83738005,7304264.237380001,453776401.83738,4537.7640183738,20,{},5
2024-10-25T00:00:00,452350192.75738,7304264.237380001,442350192.75738007,4423.5019275738005,20,{},5
2024-10-26T00:00:00,447396163.18738,7304264.237380001,437396163.1873801,4373.961631873801,20,{},5
2024-10-27T00:00:00,451595772.03238004,7354728.992380001,441595772.0323801,4415.9577203238005,20,{},5
2024-10-28T00:00:00,439869284.21138006,7400048.321380001,429869284.21138006,4298.6928421138,20,{},5
2024-10-29T00:00:00,452671406.1468801,7483815.41688,442671406.14688,4426.7140614688,20,{},5
2024-10-30T00:00:00,438370032.28788006,7559715.447880001,428370032.28788006,4283.700322878801,20,{},5
2024-10-31T00:00:00,450785414.11838,7594896.848380001,440785414.11838007,4407.854141183801,20,{},5
2024-11-01T00:00:00,447882015.03437996,7626169.204380001,437882015.03438,4378.8201503438,20,{},5
2024-11-02T00:00:00,456815936.99587995,7653532.515880001,446815936.99587995,4468.159369958799,20,{},5
2024-11-03T00:00:00,436859860.20737994,7680895.827380001,426859860.20738,4268.5986020738,20,{},5
2024-11-04T00:00:00,448298888.42438,7704350.094380001,438298888.42438006,4382.988884243801,20,{},5
2024-11-05T00:00:00,455503560.37438005,7704350.094380001,445503560.37438,4455.0356037438,20,{},5
2024-11-06T00:00:00,463838986.86438,7704350.094380001,453838986.86438,4538.389868643801,20,{},5
2024-11-07T00:00:00,432966779.4743801,7704350.094380001,422966779.47438,4229.6677947438,20,{},5
2024-11-08T00:00:00,426917569.08687997,7723895.316880001,416917569.08688,4169.1756908688,20,{},5
2024-11-09T00:00:00,412932583.52052,7801049.440520001,402932583.52052003,4029.3258352052,20,{},5
2024-11-10T00:00:00,368583847.60156,7868533.601560001,358583847.60156,3585.8384760156,20,{},5
2024-11-11T00:00:00,329430649.70631,7930832.936310002,319430649.70631,3194.3064970630994,20,{},5
2024-11-12T00:00:00,295038850.58085,7984556.980850002,285038850.58084995,2850.3885058084993,20,{},5
2024-11-13T00:00:00,260160039.67280003,8022354.172800002,250160039.6728,2501.600396728,20,{},5
2024-11-14T00:00:00,251439355.93559,8056371.575590001,241439355.93558997,2414.3935593558995,20,{},5
2024-11-15T00:00:00,221576623.42708004,8120036.747080002,211576623.42708,2115.7662342708,20,{},5
2024-11-16T00:00:00,193237376.19309998,8177276.0731000025,183237376.19309998,1832.3737619309998,20,{},5
2024-11-17T00:00:00,179360080.50256002,8228791.382560003,169360080.50256002,1693.6008050256003,20,{},5
2024-11-18T00:00:00,183709325.55456,8252935.304560003,173709325.55455998,1737.0932555455997,20,{},5
2024-11-19T00:00:00,179181256.62456,8252935.304560003,169181256.62456,1691.8125662456,20,{},5
2024-11-20T00:00:00,180964166.16456002,8252935.304560003,170964166.16456,1709.6416616456002,20,{},5
2024-11-21T00:00:00,174429508.82456002,8252935.304560003,164429508.82456002,1644.2950882456003,20,{},5
2024-11-22T00:00:00,183196262.84455997,8252935.304560003,173196262.84455997,1731.9626284455996,20,{},5
2024-11-23T00:00:00,185492900.05456,8252935.304560003,175492900.05456,1754.9290005456,20,{},5
2024-11-24T00:00:00,184408243.48456004,8252935.304560003,174408243.48456,1744.0824348456001,20,{},5
2024-11-25T00:00:00,181539416.15456,8252935.304560003,171539416.15456,1715.3941615456,20,{},5
2024-11-26T00:00:00,176592683.27456,8252935.304560003,166592683.27456,1665.9268327456,20,{},5
2024-11-27T00:00:00,175077549.22456,8252935.304560003,165077549.22455996,1650.7754922455995,20,{},5
2024-11-28T00:00:00,182891813.35456,8252935.304560003,172891813.35456,1728.9181335456,20,{},5
2024-11-29T00:00:00,176051463.06506005,8275762.885060003,166051463.06506002,1660.5146306506,20,{},5
2024-11-30T00:00:00,169655982.35855997,8296605.458560003,159655982.35856,1596.5598235856,20,{},5
2024-12-01T00:00:00,179252483.18506,8315463.025060003,169252483.18506,1692.5248318506,20,{},5
2024-12-02T00:00:00,188629569.67455998,8354104.6945600035,178629569.67456,1786.2956967456,20,{},5
2024-12-03T00:00:00,175200115.48606005,8388584.446060004,165200115.48606002,1652.0011548606003,20,{},5
2024-12-04T00:00:00,179216221.67055997,8419100.180560002,169216221.67056,1692.1622167056,20,{},5
2024-12-05T00:00:00,187508882.32255998,8446842.302560002,177508882.32255998,1775.0888232256,20,{},5
2024-12-06T00:00:00,175085462.15456,8461091.174560001,165085462.15455997,1650.8546215455997,20,{},5
2024-12-07T00:00:00,179708615.02956,8473954.73956,169708615.02956,1697.0861502956002,20,{},5
2024-12-08T00:00:00,181615953.07755998,8485432.99756,171615953.07755998,1716.1595307756,20,{},5
2024-12-09T00:00:00,173787194.06956,8495723.84956,163787194.06956,1637.8719406955997,20,{},5
2024-12-10T00:00:00,178664875.49955997,8495723.84956,168664875.49956,1686.6487549955998,20,{},5
2024-12-11T00:00:00,180108268.67955998,8495723.84956,170108268.67956,1701.0826867956002,20,{},5
2024-12-12T00:00:00,181144325.54956,8495723.84956,171144325.54956,1711.4432554956,20,{},5
2024-12-13T00:00:00,186203954.15956,8495723.84956,176203954.15956,1762.0395415956,20,{},5
2024-12-14T00:00:00,182097235.19956,8495723.84956,172097235.19956,1720.9723519956,20,{},5
2024-12-15T00:00:00,176236353.77955997,8495723.84956,166236353.77956003,1662.3635377956002,20,{},5
2024-12-16T00:00:00,180956651.42955998,8495723.84956,170956651.42955998,1709.5665142955997,20,{},5
2024-12-17T00:00:00,182075333.18956,8495723.84956,172075333.18956,1720.7533318956,20,{},5
2024-12-18T00:00:00,185902697.42955998,8495723.84956,175902697.42955998,1759.0269742955998,20,{},5
2024-12-19T00:00:00,180457569.83955997,8495723.84956,170457569.83955997,1704.5756983955996,20,{},5
2024-12-20T00:00:00,179955827.15956,8495723.84956,169955827.15956,1699.5582715956,20,{},5
2024-12-21T00:00:00,182571235.22806,8506641.38806,172571235.22806,1725.7123522806,20,{},5
2024-12-22T00:00:00,178134265.81306,8516566.42306,168134265.81306,1681.3426581305996,20,{},5
2024-12-23T00:00:00,184604630.29456002,8525498.95456,174604630.29456,1746.0463029455998,20,{},5
2024-12-24T00:00:00,178723818.88456,8525498.95456,168723818.88455996,1687.2381888455998,20,{},5
2024-12-25T00:00:00,186658621.06456003,8525498.95456,176658621.06456003,1766.5862106456004,20,{},5
2024-12-26T00:00:00,163974201.77956,8547817.789560001,153974201.77956003,1539.7420177956003,20,{},5
2024-12-27T00:00:00,146819159.81105998,8567904.741060002,136819159.81105998,1368.1915981106,20,{},5
2024-12-28T00:00:00,138550958.16441,8595284.34441,128550958.16441,1285.5095816440999,20,{},5
2024-12-29T00:00:00,140654297.73741,8603794.087410001,130654297.73741001,1306.5429773741,20,{},5
2024-12-30T00:00:00,131262198.33541,8611314.325410001,121262198.33540997,1212.6219833540997,20,{},5
2024-12-31T00:00:00,133367633.01941001,8618042.95941,123367633.01941,1233.6763301941,20,{},5
